bits,top_1_accuracy,top_5_accuracy,tokens_per_second,total_samples,total_tokens,elapsed_time,memory_footprint_mb
2,0.0018,0.0082,1422.4943005006785,5000,416476,292.7786774635315,87.570944
4,0.0524,0.0888,1422.6774060832226,5000,416476,292.7409954071045,114.527744
8,0.0548,0.098,1414.7280268629804,5000,416476,294.38591170310974,168.441344
